Model,R2,RMSE,MAE,Accuracy,Precision,Recall,F1-Score
Kriging (Standard),0.8637256237472991,0.041768442333419094,0.026373852915351124,0.774495375,0.8677839851024208,0.9338677354709419,0.8996138996138996
Neural Network (GPU),0.9610720297237738,0.022324002270467408,0.009615110679956903,0.778623125,0.9398058252427185,0.969939879759519,0.9546351084812623
RBF (SMT),0.6438881382583452,0.06752030539619733,0.04596283227794547,0.82909425,0.8211382113821138,0.40480961923847697,0.5422818791946309
SVR (Sklearn),0.8085067557361175,0.04951284784848287,0.034487647302351786,0.75779675,0.7364217252396166,0.9238476953907816,0.8195555555555556
