Model,r2,rmse,mae,accuracy,precision,recall,f1
Kriging (Standard),0.8947046571856497,0.03671518826307735,0.020933765062057956,0.9785,0.8963531669865643,0.935871743486974,0.9156862745098039
Neural Network (Multi-Task),0.9182030394232813,0.03236009301173071,0.01950185719367594,0.9745,0.9440715883668904,0.845691382765531,0.8921775898520085
PINN (Physics-Guided),0.8520046980767655,0.04352764215583987,0.028388641927966668,0.96975,0.8247422680412371,0.9619238476953907,0.8880666049953746
RBF (SMT),0.850518257078606,0.043745688335383656,0.028271626973616057,0.961,0.7982608695652174,0.9198396793587175,0.8547486033519553
SVR (Sklearn),0.8561633637731692,0.04291172144862328,0.027086243359764613,0.96725,0.8205574912891986,0.9438877755511023,0.8779123951537745
