{
    "Neural Network": {
        "hidden_dim": 256,
        "dropout": 0.10167190644308402,
        "lr": 0.003562445997233967,
        "batch_size": 128
    },
    "PINN": {
        "hidden_dim": 512,
        "dropout": 0.21128615994189867,
        "lr": 0.00033415768992006386,
        "batch_size": 128
    },
    "Kriging": {
        "poly": "constant",
        "corr": "abs_exp",
        "nugget": 1.248442299487453e-06,
        "theta0": 0.09307268840828752
    },
    "SVR": {
        "C": 1.5318211510423783,
        "epsilon": 0.015875674699608332,
        "gamma": "auto"
    },
    "RBF": {
        "d0": 2.977622635338615,
        "poly_degree": 1,
        "reg": 0.08070322610495374
    }
}