{
    "Neural Network": {
        "hidden_dim": 512,
        "dropout": 0.1933798355081573,
        "lr": 0.0016718781761437737,
        "batch_size": 256
    },
    "PINN": {
        "hidden_dim": 512,
        "dropout": 0.18472349130852375,
        "lr": 0.0007902940659071446,
        "batch_size": 256
    },
    "Kriging": {
        "poly": "constant",
        "corr": "squar_exp",
        "nugget": 1.0135873244355722e-06,
        "theta0": 0.002599450405390656
    },
    "SVR": {
        "C": 4.6054431849449715,
        "epsilon": 0.011664082465768333,
        "gamma": "auto"
    },
    "RBF": {
        "d0": 2.0203687881956927,
        "poly_degree": 0,
        "reg": 0.09845012056178604
    }
}